paper_id,mentor_id
p_00001,m_149
p_00001,m_077
p_00002,m_122
p_00002,m_114
p_00003,m_087
p_00003,m_183
p_00003,m_185
p_00004,m_192
p_00004,m_109
p_00004,m_004
p_00004,m_160
p_00005,m_012
p_00005,m_111
p_00005,m_190
p_00006,m_068
p_00006,m_198
p_00006,m_199
p_00006,m_069
p_00007,m_171
p_00007,m_118
p_00007,m_134
p_00007,m_082
p_00008,m_051
p_00008,m_121
p_00009,m_164
p_00009,m_088
p_00009,m_115
p_00010,m_079
p_00010,m_141
p_00010,m_172
p_00011,m_133
p_00011,m_156
p_00011,m_158
p_00012,m_093
p_00012,m_026
p_00012,m_035
p_00013,m_109
p_00013,m_192
p_00014,m_197
p_00014,m_160
p_00014,m_135
p_00015,m_032
p_00015,m_083
p_00015,m_180
p_00015,m_186
p_00016,m_011
p_00016,m_050
p_00016,m_032
p_00017,m_013
p_00017,m_110
p_00017,m_108
p_00018,m_178
p_00018,m_080
p_00018,m_197
p_00019,m_142
p_00019,m_093
p_00019,m_035
p_00020,m_048
p_00020,m_133
p_00020,m_165
p_00020,m_105
p_00021,m_020
p_00021,m_034
p_00021,m_168
p_00021,m_150
p_00022,m_006
p_00022,m_107
p_00023,m_194
p_00023,m_196
p_00023,m_001
p_00024,m_140
p_00024,m_042
p_00025,m_091
p_00025,m_042
p_00025,m_001
p_00025,m_169
p_00026,m_016
p_00026,m_045
p_00027,m_108
p_00027,m_030
p_00028,m_068
p_00028,m_157
p_00029,m_117
p_00029,m_088
p_00030,m_092
p_00030,m_078
p_00030,m_165
p_00030,m_048
p_00031,m_172
p_00031,m_140
p_00032,m_059
p_00032,m_055
p_00032,m_185
p_00033,m_128
p_00033,m_001
p_00033,m_195
p_00033,m_154
p_00034,m_093
p_00034,m_142
p_00034,m_026
p_00034,m_075
p_00035,m_058
p_00035,m_004
p_00036,m_004
p_00036,m_080
p_00036,m_160
p_00037,m_070
p_00037,m_064
p_00037,m_025
p_00037,m_098
p_00038,m_191
p_00038,m_188
p_00039,m_161
p_00039,m_094
p_00039,m_074
p_00040,m_004
p_00040,m_083
p_00040,m_005
p_00041,m_101
p_00041,m_098
p_00042,m_162
p_00042,m_072
p_00043,m_122
p_00043,m_141
p_00043,m_036
p_00043,m_014
p_00044,m_083
p_00044,m_032
p_00045,m_005
p_00045,m_180
p_00045,m_126
p_00045,m_152
p_00046,m_144
p_00046,m_169
p_00047,m_067
p_00047,m_089
p_00047,m_047
p_00048,m_050
p_00048,m_186
p_00049,m_118
p_00049,m_082
p_00049,m_057
p_00050,m_125
p_00050,m_071
p_00050,m_136
p_00050,m_063
p_00051,m_191
p_00051,m_043
p_00052,m_075
p_00052,m_015
p_00053,m_011
p_00053,m_006
p_00053,m_082
p_00054,m_070
p_00054,m_002
p_00055,m_066
p_00055,m_081
p_00055,m_156
p_00056,m_070
p_00056,m_111
p_00057,m_108
p_00057,m_050
p_00058,m_181
p_00058,m_154
p_00058,m_144
p_00059,m_081
p_00059,m_121
p_00059,m_145
p_00059,m_106
p_00060,m_072
p_00060,m_111
p_00060,m_070
p_00061,m_063
p_00061,m_093
p_00062,m_135
p_00062,m_197
p_00062,m_109
p_00063,m_195
p_00063,m_014
p_00063,m_079
p_00064,m_133
p_00064,m_078
p_00065,m_164
p_00065,m_117
p_00065,m_200
p_00065,m_057
p_00066,m_134
p_00066,m_084
p_00067,m_030
p_00067,m_109
p_00067,m_058
p_00068,m_063
p_00068,m_164
p_00069,m_174
p_00069,m_080
p_00069,m_109
p_00069,m_004
p_00070,m_058
p_00070,m_135
p_00070,m_030
p_00071,m_060
p_00071,m_052
p_00072,m_058
p_00072,m_197
p_00072,m_080
p_00073,m_085
p_00073,m_044
p_00073,m_026
p_00074,m_158
p_00074,m_145
p_00074,m_133
p_00075,m_058
p_00075,m_004
p_00075,m_038
p_00076,m_178
p_00076,m_004
p_00076,m_030
p_00077,m_152
p_00077,m_180
p_00077,m_126
p_00077,m_067
p_00078,m_172
p_00078,m_195
p_00078,m_046
p_00078,m_196
p_00079,m_105
p_00079,m_060
p_00079,m_074
p_00080,m_135
p_00080,m_004
p_00081,m_154
p_00081,m_049
p_00081,m_169
p_00081,m_122
p_00082,m_172
p_00082,m_100
p_00082,m_042
p_00082,m_014
p_00083,m_171
p_00083,m_013
p_00084,m_200
p_00084,m_128
p_00085,m_025
p_00085,m_072
p_00085,m_040
p_00085,m_111
p_00086,m_168
p_00086,m_039
p_00087,m_146
p_00087,m_091
p_00087,m_001
p_00088,m_114
p_00088,m_079
p_00089,m_097
p_00089,m_188
p_00089,m_191
p_00089,m_027
p_00090,m_126
p_00090,m_084
p_00090,m_005
p_00091,m_096
p_00091,m_128
p_00092,m_116
p_00092,m_047
p_00092,m_107
p_00093,m_012
p_00093,m_072
p_00093,m_166
p_00093,m_098
p_00094,m_009
p_00094,m_146
p_00095,m_172
p_00095,m_122
p_00095,m_079
p_00096,m_058
p_00096,m_080
p_00096,m_160
p_00096,m_030
p_00097,m_160
p_00097,m_004
p_00098,m_105
p_00098,m_077
p_00098,m_092
p_00099,m_175
p_00099,m_180
p_00099,m_177
p_00100,m_100
p_00100,m_196
p_00101,m_113
p_00101,m_199
p_00101,m_055
p_00102,m_056
p_00102,m_055
p_00103,m_196
p_00103,m_046
p_00103,m_195
p_00103,m_114
p_00104,m_030
p_00104,m_197
p_00104,m_178
p_00104,m_109
p_00105,m_087
p_00105,m_022
p_00105,m_102
p_00105,m_154
p_00106,m_058
p_00106,m_038
p_00106,m_197
p_00106,m_004
p_00107,m_098
p_00107,m_025
p_00108,m_007
p_00108,m_017
p_00109,m_174
p_00109,m_080
p_00109,m_160
p_00109,m_178
p_00110,m_004
p_00110,m_109
p_00110,m_192
p_00110,m_030
p_00111,m_087
p_00111,m_120
p_00112,m_175
p_00112,m_164
p_00113,m_197
p_00113,m_030
p_00113,m_135
p_00113,m_080
p_00114,m_063
p_00114,m_177
p_00115,m_025
p_00115,m_040
p_00116,m_185
p_00116,m_027
p_00117,m_197
p_00117,m_135
p_00117,m_174
p_00117,m_192
p_00118,m_032
p_00118,m_119
p_00119,m_088
p_00119,m_071
p_00119,m_170
p_00120,m_125
p_00120,m_093
p_00121,m_032
p_00121,m_107
p_00121,m_186
p_00121,m_083
p_00122,m_194
p_00122,m_128
p_00123,m_135
p_00123,m_197
p_00123,m_030
p_00124,m_179
p_00124,m_175
p_00124,m_016
p_00124,m_200
p_00125,m_070
p_00125,m_190
p_00126,m_038
p_00126,m_004
p_00126,m_030
p_00126,m_109
p_00127,m_111
p_00127,m_072
p_00127,m_012
p_00127,m_162
p_00128,m_085
p_00128,m_057
p_00128,m_139
p_00128,m_093
p_00129,m_186
p_00129,m_107
p_00129,m_028
p_00129,m_067
p_00130,m_033
p_00130,m_102
p_00130,m_191
p_00130,m_008
p_00131,m_026
p_00131,m_170
p_00131,m_045
p_00131,m_142
p_00132,m_070
p_00132,m_064
p_00132,m_025
p_00132,m_090
p_00133,m_055
p_00133,m_068
p_00134,m_083
p_00134,m_028
p_00134,m_011
p_00135,m_107
p_00135,m_047
p_00135,m_152
p_00136,m_094
p_00136,m_145
p_00136,m_053
p_00136,m_124
p_00137,m_136
p_00137,m_044
p_00137,m_088
p_00137,m_177
p_00138,m_151
p_00138,m_018
p_00139,m_138
p_00139,m_190
p_00140,m_107
p_00140,m_028
p_00140,m_013
p_00141,m_095
p_00141,m_125
p_00141,m_035
p_00142,m_017
p_00142,m_198
p_00142,m_183
p_00143,m_121
p_00143,m_077
p_00143,m_074
p_00144,m_019
p_00144,m_198
p_00145,m_088
p_00145,m_142
p_00146,m_005
p_00146,m_152
p_00147,m_166
p_00147,m_072
p_00147,m_064
p_00147,m_012
p_00148,m_196
p_00148,m_154
p_00148,m_049
p_00149,m_083
p_00149,m_110
p_00149,m_011
p_00150,m_096
p_00150,m_195
p_00151,m_151
p_00151,m_032
p_00152,m_174
p_00152,m_080
p_00153,m_170
p_00153,m_022
p_00154,m_023
p_00154,m_103
p_00154,m_137
p_00155,m_037
p_00155,m_096
p_00156,m_051
p_00156,m_155
p_00156,m_094
p_00157,m_138
p_00157,m_070
p_00157,m_162
p_00157,m_104
p_00158,m_080
p_00158,m_058
p_00159,m_131
p_00159,m_066
p_00159,m_078
p_00159,m_094
p_00160,m_094
p_00160,m_066
p_00160,m_078
p_00160,m_165
p_00161,m_052
p_00161,m_094
p_00161,m_060
p_00161,m_074
p_00162,m_104
p_00162,m_190
p_00162,m_166
p_00163,m_011
p_00163,m_082
p_00164,m_117
p_00164,m_164
p_00165,m_131
p_00165,m_145
p_00165,m_052
p_00166,m_062
p_00166,m_010
p_00167,m_166
p_00167,m_111
p_00167,m_190
p_00168,m_122
p_00168,m_129
p_00168,m_169
p_00168,m_172
p_00169,m_108
p_00169,m_011
p_00170,m_096
p_00170,m_146
p_00170,m_144
p_00170,m_091
p_00171,m_086
p_00171,m_043
p_00172,m_184
p_00172,m_056
p_00172,m_183
p_00173,m_035
p_00173,m_093
p_00173,m_054
p_00174,m_045
p_00174,m_125
p_00175,m_034
p_00175,m_019
p_00175,m_029
p_00175,m_113
p_00176,m_136
p_00176,m_026
p_00177,m_037
p_00177,m_146
p_00177,m_144
p_00178,m_187
p_00178,m_093
p_00178,m_177
p_00178,m_044
p_00179,m_182
p_00179,m_009
p_00180,m_114
p_00180,m_100
p_00181,m_036
p_00181,m_079
p_00182,m_166
p_00182,m_101
p_00182,m_064
p_00183,m_109
p_00183,m_080
p_00183,m_030
p_00183,m_004
p_00184,m_080
p_00184,m_038
p_00184,m_030
p_00184,m_109
p_00185,m_192
p_00185,m_109
p_00185,m_038
p_00185,m_058
p_00186,m_025
p_00186,m_138
p_00186,m_072
p_00187,m_012
p_00187,m_104
p_00188,m_041
p_00188,m_040
p_00189,m_182
p_00189,m_144
p_00189,m_194
p_00190,m_004
p_00190,m_057
p_00191,m_062
p_00191,m_023
p_00192,m_115
p_00192,m_135
p_00192,m_038
p_00192,m_136
p_00193,m_070
p_00193,m_111
p_00193,m_012
p_00193,m_040
p_00194,m_097
p_00194,m_031
p_00194,m_017
p_00195,m_015
p_00195,m_054
p_00195,m_063
p_00196,m_012
p_00196,m_072
p_00196,m_090
p_00196,m_190
p_00197,m_176
p_00197,m_079
p_00197,m_100
p_00198,m_022
p_00198,m_143
p_00198,m_029
p_00198,m_008
p_00199,m_014
p_00199,m_169
p_00199,m_049
p_00199,m_195
p_00200,m_156
p_00200,m_053
p_00200,m_078
p_00201,m_018
p_00201,m_050
p_00201,m_189
p_00201,m_028
p_00202,m_051
p_00202,m_074
p_00203,m_131
p_00203,m_173
p_00203,m_053
p_00204,m_104
p_00204,m_166
p_00204,m_101
p_00205,m_199
p_00205,m_055
p_00206,m_054
p_00206,m_085
p_00207,m_040
p_00207,m_111
p_00207,m_138
p_00207,m_190
p_00208,m_080
p_00208,m_160
p_00209,m_013
p_00209,m_119
p_00209,m_152
p_00210,m_041
p_00210,m_025
p_00211,m_158
p_00211,m_048
p_00212,m_065
p_00212,m_152
p_00212,m_118
p_00212,m_126
p_00213,m_199
p_00213,m_198
p_00213,m_069
p_00213,m_007
p_00214,m_182
p_00214,m_194
p_00214,m_037
p_00215,m_070
p_00215,m_190
p_00215,m_002
p_00216,m_135
p_00216,m_109
p_00216,m_192
p_00217,m_065
p_00217,m_152
p_00217,m_126
p_00217,m_108
p_00218,m_196
p_00218,m_114
p_00218,m_036
p_00218,m_128
p_00219,m_117
p_00219,m_085
p_00219,m_026
p_00220,m_115
p_00220,m_063
p_00221,m_101
p_00221,m_127
p_00221,m_077
p_00222,m_047
p_00222,m_126
p_00222,m_067
p_00223,m_102
p_00223,m_183
p_00223,m_056
p_00223,m_153
p_00224,m_006
p_00224,m_024
p_00225,m_070
p_00225,m_072
p_00225,m_111
p_00226,m_196
p_00226,m_144
p_00226,m_036
p_00227,m_085
p_00227,m_026
p_00228,m_192
p_00228,m_160
p_00228,m_038
p_00229,m_106
p_00229,m_130
p_00229,m_124
p_00230,m_050
p_00230,m_083
p_00230,m_119
p_00230,m_032
p_00231,m_104
p_00231,m_098
p_00232,m_057
p_00232,m_085
p_00232,m_026
p_00232,m_125
p_00233,m_130
p_00233,m_052
p_00233,m_092
p_00234,m_073
p_00234,m_141
p_00234,m_114
p_00234,m_079
p_00235,m_154
p_00235,m_096
p_00236,m_084
p_00236,m_018
p_00236,m_126
p_00237,m_021
p_00237,m_125
p_00237,m_187
p_00237,m_139
p_00238,m_052
p_00238,m_105
p_00238,m_060
p_00239,m_038
p_00239,m_135
p_00239,m_004
p_00240,m_080
p_00240,m_197
p_00240,m_109
p_00240,m_178
p_00241,m_192
p_00241,m_030
p_00241,m_109
p_00242,m_164
p_00242,m_088
p_00242,m_054
p_00242,m_044
p_00243,m_009
p_00243,m_079
p_00244,m_091
p_00244,m_194
p_00245,m_059
p_00245,m_069
p_00245,m_198
p_00246,m_142
p_00246,m_139
p_00247,m_058
p_00247,m_160
p_00247,m_030
p_00248,m_026
p_00248,m_200
p_00248,m_035
p_00248,m_054
p_00249,m_090
p_00249,m_058
p_00249,m_080
p_00249,m_025
p_00250,m_118
p_00250,m_099
p_00250,m_032
p_00251,m_105
p_00251,m_074
p_00252,m_189
p_00252,m_152
p_00252,m_028
p_00253,m_089
p_00253,m_018
p_00253,m_028
p_00254,m_137
p_00254,m_039
p_00254,m_031
p_00255,m_132
p_00255,m_199
p_00255,m_068
p_00255,m_191
p_00256,m_128
p_00256,m_114
p_00256,m_091
p_00256,m_001
p_00257,m_160
p_00257,m_030
p_00258,m_026
p_00258,m_063
p_00259,m_109
p_00259,m_080
p_00260,m_114
p_00260,m_194
p_00261,m_034
p_00261,m_097
p_00262,m_092
p_00262,m_127
p_00262,m_094
p_00263,m_125
p_00263,m_175
p_00263,m_075
p_00264,m_065
p_00264,m_110
p_00264,m_189
p_00264,m_108
p_00265,m_004
p_00265,m_135
p_00265,m_109
p_00266,m_035
p_00266,m_021
p_00266,m_147
p_00266,m_057
p_00267,m_156
p_00267,m_133
p_00268,m_109
p_00268,m_178
p_00268,m_038
p_00268,m_058
p_00269,m_150
p_00269,m_033
p_00269,m_097
p_00270,m_123
p_00270,m_086
p_00270,m_113
p_00271,m_098
p_00271,m_072
p_00271,m_104
p_00271,m_025
p_00272,m_160
p_00272,m_004
p_00272,m_030
p_00272,m_192
p_00273,m_026
p_00273,m_164
p_00274,m_029
p_00274,m_068
p_00274,m_183
p_00274,m_198
p_00275,m_036
p_00275,m_049
p_00275,m_046
p_00275,m_128
p_00276,m_190
p_00276,m_090
p_00277,m_142
p_00277,m_054
p_00277,m_044
p_00277,m_115
p_00278,m_192
p_00278,m_080
p_00278,m_135
p_00279,m_005
p_00279,m_110
p_00279,m_011
p_00280,m_161
p_00280,m_106
p_00280,m_061
p_00281,m_057
p_00281,m_175
p_00282,m_099
p_00282,m_047
p_00282,m_112
p_00282,m_118
p_00283,m_196
p_00283,m_154
p_00283,m_128
p_00284,m_073
p_00284,m_036
p_00284,m_009
p_00284,m_194
p_00285,m_192
p_00285,m_178
p_00286,m_166
p_00286,m_070
p_00286,m_025
p_00287,m_174
p_00287,m_030
p_00287,m_109
p_00287,m_038
p_00288,m_047
p_00288,m_018
p_00288,m_171
p_00288,m_152
p_00289,m_004
p_00289,m_178
p_00290,m_041
p_00290,m_070
p_00291,m_128
p_00291,m_196
p_00291,m_073
p_00291,m_146
p_00292,m_116
p_00292,m_013
p_00292,m_089
p_00292,m_189
p_00293,m_080
p_00293,m_004
p_00294,m_015
p_00294,m_200
p_00295,m_197
p_00295,m_038
p_00295,m_135
p_00296,m_061
p_00296,m_078
p_00296,m_094
p_00297,m_125
p_00297,m_016
p_00297,m_175
p_00297,m_015
p_00298,m_130
p_00298,m_131
p_00298,m_165
p_00299,m_189
p_00299,m_118
p_00300,m_124
p_00300,m_121
p_00300,m_052
p_00300,m_048
p_00301,m_110
p_00301,m_083
p_00302,m_182
p_00302,m_009
p_00302,m_073
p_00303,m_085
p_00303,m_093
p_00303,m_016
p_00304,m_127
p_00304,m_161
p_00304,m_142
p_00304,m_173
p_00305,m_108
p_00305,m_180
p_00305,m_152
p_00306,m_074
p_00306,m_051
p_00306,m_066
p_00306,m_155
p_00307,m_156
p_00307,m_155
p_00307,m_130
p_00307,m_003
p_00308,m_004
p_00308,m_192
p_00308,m_109
p_00309,m_042
p_00309,m_073
p_00309,m_176
p_00310,m_043
p_00310,m_023
p_00311,m_090
p_00311,m_190
p_00312,m_174
p_00312,m_030
p_00313,m_003
p_00313,m_078
p_00314,m_196
p_00314,m_037
p_00314,m_141
p_00315,m_012
p_00315,m_041
p_00315,m_111
p_00316,m_032
p_00316,m_013
p_00316,m_186
p_00316,m_171
p_00317,m_105
p_00317,m_078
p_00318,m_106
p_00318,m_130
p_00318,m_066
p_00318,m_105
p_00319,m_108
p_00319,m_116
p_00319,m_112
p_00320,m_187
p_00320,m_044
p_00321,m_138
p_00321,m_002
p_00322,m_174
p_00322,m_058
p_00322,m_080
p_00322,m_030
p_00323,m_173
p_00323,m_094
p_00323,m_131
p_00324,m_050
p_00324,m_005
p_00325,m_028
p_00325,m_084
p_00325,m_110
p_00326,m_109
p_00326,m_135
p_00326,m_197
p_00327,m_081
p_00327,m_077
p_00328,m_155
p_00328,m_052
p_00328,m_173
p_00328,m_066
p_00329,m_140
p_00329,m_181
p_00329,m_046
p_00329,m_001
p_00330,m_063
p_00330,m_200
p_00330,m_026
p_00331,m_023
p_00331,m_086
p_00331,m_020
p_00331,m_199
p_00332,m_018
p_00332,m_112
p_00332,m_011
p_00332,m_152
p_00333,m_084
p_00333,m_082
p_00333,m_099
p_00334,m_194
p_00334,m_172
p_00334,m_046
p_00334,m_001
p_00335,m_092
p_00335,m_131
p_00335,m_127
p_00335,m_066
p_00336,m_167
p_00336,m_086
p_00336,m_150
p_00337,m_023
p_00337,m_033
p_00337,m_123
p_00338,m_098
p_00338,m_090
p_00339,m_088
p_00339,m_085
p_00339,m_057
p_00340,m_064
p_00340,m_070
p_00340,m_040
p_00340,m_098
p_00341,m_086
p_00341,m_153
p_00341,m_019
p_00342,m_058
p_00342,m_080
p_00342,m_038
p_00342,m_109
p_00343,m_134
p_00343,m_189
p_00344,m_146
p_00344,m_100
p_00344,m_037
p_00345,m_107
p_00345,m_032
p_00346,m_030
p_00346,m_080
p_00347,m_197
p_00347,m_174
p_00347,m_192
p_00348,m_134
p_00348,m_084
p_00349,m_022
p_00349,m_153
p_00350,m_197
p_00350,m_178
p_00350,m_058
p_00350,m_004
p_00351,m_005
p_00351,m_107
p_00351,m_083
p_00352,m_174
p_00352,m_030
p_00352,m_192
p_00352,m_135
p_00353,m_004
p_00353,m_135
p_00354,m_094
p_00354,m_077
p_00355,m_168
p_00355,m_193
p_00356,m_031
p_00356,m_148
p_00357,m_105
p_00357,m_046
p_00358,m_008
p_00358,m_097
p_00358,m_153
p_00359,m_034
p_00359,m_019
p_00359,m_163
p_00359,m_029
p_00360,m_126
p_00360,m_116
p_00360,m_107
p_00360,m_186
p_00361,m_109
p_00361,m_030
p_00362,m_054
p_00362,m_117
p_00363,m_065
p_00363,m_107
p_00364,m_109
p_00364,m_038
p_00364,m_004
p_00364,m_197
p_00365,m_034
p_00365,m_120
p_00366,m_173
p_00366,m_003
p_00366,m_130
p_00366,m_074
p_00367,m_186
p_00367,m_180
p_00368,m_193
p_00368,m_199
p_00369,m_057
p_00369,m_179
p_00369,m_045
p_00369,m_139
p_00370,m_185
p_00370,m_017
p_00370,m_019
p_00370,m_034
p_00371,m_103
p_00371,m_033
p_00371,m_183
p_00371,m_199
p_00372,m_157
p_00372,m_123
p_00373,m_181
p_00373,m_001
p_00374,m_080
p_00374,m_038
p_00374,m_197
p_00374,m_192
p_00375,m_105
p_00375,m_074
p_00375,m_051
p_00375,m_106
p_00376,m_050
p_00376,m_083
p_00376,m_152
p_00377,m_070
p_00377,m_159
p_00377,m_090
p_00378,m_011
p_00378,m_112
p_00378,m_028
p_00379,m_196
p_00379,m_096
p_00380,m_152
p_00380,m_134
p_00380,m_186
p_00380,m_089
p_00381,m_050
p_00381,m_189
p_00381,m_190
p_00382,m_034
p_00382,m_157
p_00382,m_027
p_00382,m_185
p_00383,m_037
p_00383,m_046
p_00383,m_195
p_00383,m_042
p_00384,m_190
p_00384,m_104
p_00384,m_002
p_00384,m_072
p_00385,m_123
p_00385,m_193
p_00385,m_055
p_00386,m_167
p_00386,m_102
p_00386,m_150
p_00387,m_078
p_00387,m_121
p_00387,m_158
p_00388,m_109
p_00388,m_135
p_00389,m_098
p_00389,m_041
p_00389,m_159
p_00390,m_166
p_00390,m_111
p_00390,m_159
p_00390,m_002
p_00391,m_115
p_00391,m_075
p_00391,m_170
p_00392,m_021
p_00392,m_035
p_00392,m_015
p_00392,m_071
p_00393,m_173
p_00393,m_149
p_00393,m_052
p_00394,m_003
p_00394,m_105
p_00394,m_078
p_00395,m_025
p_00395,m_040
p_00396,m_166
p_00396,m_159
p_00396,m_012
p_00396,m_162
p_00397,m_076
p_00397,m_183
p_00398,m_058
p_00398,m_178
p_00399,m_090
p_00399,m_064
p_00399,m_190
p_00400,m_090
p_00400,m_190
p_00400,m_096
p_00400,m_146
p_00401,m_087
p_00401,m_198
p_00401,m_034
p_00401,m_168
p_00402,m_162
p_00402,m_070
p_00402,m_064
p_00403,m_024
p_00403,m_083
p_00403,m_119
p_00404,m_152
p_00404,m_151
p_00404,m_006
p_00405,m_026
p_00405,m_085
p_00406,m_094
p_00406,m_165
p_00407,m_095
p_00407,m_170
p_00407,m_093
p_00408,m_139
p_00408,m_044
p_00408,m_142
p_00409,m_166
p_00409,m_025
p_00409,m_138
p_00409,m_002
p_00410,m_148
p_00410,m_126
p_00410,m_112
p_00410,m_103
p_00411,m_128
p_00411,m_138
p_00411,m_090
p_00412,m_054
p_00412,m_093
p_00413,m_197
p_00413,m_174
p_00413,m_030
p_00414,m_170
p_00414,m_016
p_00414,m_075
p_00414,m_085
p_00415,m_170
p_00415,m_175
p_00415,m_026
p_00415,m_164
p_00416,m_145
p_00416,m_051
p_00416,m_105
p_00416,m_165
p_00417,m_157
p_00417,m_059
p_00417,m_167
p_00418,m_068
p_00418,m_193
p_00418,m_031
p_00419,m_057
p_00419,m_139
p_00419,m_054
p_00420,m_134
p_00420,m_186
p_00420,m_065
p_00420,m_118
p_00421,m_038
p_00421,m_174
p_00421,m_160
p_00421,m_197
p_00422,m_155
p_00422,m_149
p_00422,m_156
p_00422,m_052
p_00423,m_087
p_00423,m_185
p_00424,m_024
p_00424,m_013
p_00424,m_171
p_00424,m_089
p_00425,m_106
p_00425,m_082
p_00426,m_180
p_00426,m_028
p_00426,m_013
p_00427,m_083
p_00427,m_189
p_00427,m_110
p_00427,m_005
p_00428,m_130
p_00428,m_074
p_00428,m_106
p_00429,m_090
p_00429,m_166
p_00429,m_098
p_00430,m_025
p_00430,m_138
p_00431,m_046
p_00431,m_079
p_00432,m_069
p_00432,m_031
p_00433,m_178
p_00433,m_135
p_00433,m_080
p_00433,m_058
p_00434,m_077
p_00434,m_094
p_00434,m_127
p_00435,m_015
p_00435,m_177
p_00435,m_147
p_00436,m_174
p_00436,m_197
p_00436,m_058
p_00437,m_178
p_00437,m_160
p_00437,m_004
p_00437,m_135
p_00438,m_059
p_00438,m_150
p_00438,m_087
p_00439,m_029
p_00439,m_163
p_00439,m_068
p_00440,m_153
p_00440,m_148
p_00440,m_062
p_00441,m_160
p_00441,m_109
p_00442,m_135
p_00442,m_160
p_00442,m_004
p_00443,m_175
p_00443,m_117
p_00443,m_095
p_00444,m_024
p_00444,m_180
p_00445,m_146
p_00445,m_141
p_00446,m_093
p_00446,m_139
p_00447,m_157
p_00447,m_086
p_00448,m_118
p_00448,m_196
p_00448,m_018
p_00448,m_112
p_00449,m_104
p_00449,m_002
p_00450,m_085
p_00450,m_175
p_00451,m_162
p_00451,m_104
p_00452,m_180
p_00452,m_006
p_00453,m_080
p_00453,m_058
p_00453,m_030
p_00453,m_135
p_00454,m_041
p_00454,m_190
p_00454,m_162
p_00454,m_111
p_00455,m_038
p_00455,m_174
p_00456,m_056
p_00456,m_168
p_00456,m_069
p_00457,m_135
p_00457,m_004
p_00458,m_093
p_00458,m_035
p_00458,m_179
p_00458,m_136
p_00459,m_133
p_00459,m_145
p_00459,m_052
p_00459,m_106
p_00460,m_193
p_00460,m_102
p_00461,m_178
p_00461,m_174
p_00461,m_192
p_00461,m_080
p_00462,m_044
p_00462,m_015
p_00463,m_045
p_00463,m_139
p_00463,m_179
p_00464,m_184
p_00464,m_143
p_00464,m_076
p_00465,m_074
p_00465,m_051
p_00465,m_156
p_00465,m_081
p_00466,m_027
p_00466,m_086
p_00466,m_068
p_00467,m_054
p_00467,m_170
p_00467,m_015
p_00467,m_045
p_00468,m_165
p_00468,m_048
p_00468,m_065
p_00468,m_119
p_00469,m_082
p_00469,m_107
p_00469,m_013
p_00470,m_051
p_00470,m_074
p_00471,m_170
p_00471,m_175
p_00472,m_073
p_00472,m_037
p_00473,m_036
p_00473,m_129
p_00473,m_079
p_00473,m_176
p_00474,m_091
p_00474,m_195
p_00474,m_073
p_00474,m_009
p_00475,m_040
p_00475,m_025
p_00475,m_104
p_00475,m_190
p_00476,m_056
p_00476,m_183
p_00476,m_143
p_00477,m_178
p_00477,m_160
p_00478,m_126
p_00478,m_011
p_00478,m_028
p_00479,m_134
p_00479,m_011
p_00479,m_118
p_00480,m_141
p_00480,m_042
p_00481,m_086
p_00481,m_055
p_00481,m_059
p_00482,m_112
p_00482,m_134
p_00482,m_118
p_00482,m_067
p_00483,m_014
p_00483,m_146
p_00483,m_100
p_00483,m_091
p_00484,m_038
p_00484,m_197
p_00484,m_109
p_00485,m_134
p_00485,m_018
p_00486,m_135
p_00486,m_030
p_00487,m_041
p_00487,m_090
p_00487,m_002
p_00487,m_072
p_00488,m_073
p_00488,m_140
p_00488,m_141
p_00489,m_056
p_00489,m_113
p_00489,m_087
p_00490,m_150
p_00490,m_163
p_00491,m_145
p_00491,m_131
p_00491,m_124
p_00491,m_158
p_00492,m_038
p_00492,m_004
p_00493,m_073
p_00493,m_141
p_00493,m_195
p_00493,m_172
p_00494,m_076
p_00494,m_043
p_00494,m_157
p_00495,m_077
p_00495,m_035
p_00496,m_109
p_00496,m_135
p_00496,m_039
p_00497,m_145
p_00497,m_094
p_00498,m_020
p_00498,m_076
p_00498,m_120
p_00498,m_022
p_00499,m_001
p_00499,m_091
p_00499,m_100
p_00499,m_079
p_00500,m_040
p_00500,m_041
p_00500,m_104
p_00501,m_110
p_00501,m_108
p_00502,m_116
p_00502,m_180
p_00503,m_066
p_00503,m_158
p_00504,m_112
p_00504,m_134
p_00505,m_135
p_00505,m_197
p_00505,m_030
p_00506,m_192
p_00506,m_004
p_00506,m_174
p_00507,m_048
p_00507,m_124
p_00507,m_003
p_00507,m_077
p_00508,m_104
p_00508,m_012
p_00508,m_070
p_00508,m_166
p_00509,m_007
p_00509,m_010
p_00509,m_097
p_00509,m_039
p_00510,m_075
p_00510,m_200
p_00511,m_178
p_00511,m_192
p_00511,m_080
p_00511,m_058
p_00512,m_090
p_00512,m_002
p_00512,m_111
p_00513,m_021
p_00513,m_044
p_00513,m_117
p_00514,m_155
p_00514,m_052
p_00515,m_030
p_00515,m_197
p_00515,m_058
p_00516,m_120
p_00516,m_167
p_00517,m_173
p_00517,m_060
p_00517,m_081
p_00518,m_070
p_00518,m_101
p_00519,m_190
p_00519,m_101
p_00520,m_101
p_00520,m_104
p_00520,m_012
p_00520,m_025
p_00521,m_176
p_00521,m_146
p_00522,m_197
p_00522,m_058
p_00522,m_160
p_00523,m_098
p_00523,m_064
p_00524,m_174
p_00524,m_184
p_00524,m_120
p_00525,m_109
p_00525,m_197
p_00525,m_135
p_00526,m_142
p_00526,m_175
p_00526,m_136
p_00526,m_075
p_00527,m_171
p_00527,m_110
p_00527,m_151
p_00527,m_013
p_00528,m_197
p_00528,m_058
p_00529,m_138
p_00529,m_101
p_00530,m_036
p_00530,m_181
p_00530,m_014
p_00530,m_001
p_00531,m_081
p_00531,m_130
p_00532,m_064
p_00532,m_138
p_00533,m_161
p_00533,m_165
p_00533,m_066
p_00533,m_052
p_00534,m_125
p_00534,m_147
p_00535,m_116
p_00535,m_024
p_00535,m_119
p_00536,m_045
p_00536,m_139
p_00536,m_071
p_00536,m_063
p_00537,m_090
p_00537,m_070
p_00537,m_190
p_00538,m_004
p_00538,m_080
p_00538,m_160
p_00539,m_100
p_00539,m_046
p_00539,m_195
p_00540,m_151
p_00540,m_116
p_00540,m_047
p_00541,m_185
p_00541,m_069
p_00542,m_072
p_00542,m_025
p_00542,m_166
p_00542,m_002
p_00543,m_052
p_00543,m_130
p_00543,m_048
p_00543,m_145
p_00544,m_039
p_00544,m_017
p_00545,m_197
p_00545,m_038
p_00545,m_160
p_00545,m_080
p_00546,m_165
p_00546,m_124
p_00547,m_063
p_00547,m_136
p_00547,m_088
p_00547,m_115
p_00548,m_027
p_00548,m_023
p_00549,m_179
p_00549,m_198
p_00549,m_200
p_00550,m_078
p_00550,m_124
p_00550,m_149
p_00551,m_135
p_00551,m_160
p_00551,m_192
p_00552,m_035
p_00552,m_085
p_00552,m_075
p_00552,m_015
p_00553,m_101
p_00553,m_070
p_00553,m_002
p_00554,m_113
p_00554,m_031
p_00554,m_137
p_00555,m_162
p_00555,m_070
p_00555,m_138
p_00555,m_072
p_00556,m_037
p_00556,m_129
p_00556,m_079
p_00556,m_091
p_00557,m_101
p_00557,m_072
p_00558,m_127
p_00558,m_173
p_00558,m_066
p_00558,m_145
p_00559,m_178
p_00559,m_109
p_00560,m_175
p_00560,m_170
p_00561,m_095
p_00561,m_117
p_00561,m_035
p_00561,m_175
p_00562,m_032
p_00562,m_108
p_00562,m_013
p_00562,m_082
p_00563,m_002
p_00563,m_190
p_00563,m_138
p_00564,m_030
p_00564,m_080
p_00564,m_160
p_00565,m_009
p_00565,m_194
p_00566,m_197
p_00566,m_027
p_00566,m_113
p_00567,m_137
p_00567,m_019
p_00568,m_051
p_00568,m_094
p_00568,m_078
p_00569,m_083
p_00569,m_171
p_00570,m_044
p_00570,m_187
p_00570,m_200
p_00571,m_003
p_00571,m_133
p_00571,m_145
p_00572,m_109
p_00572,m_030
p_00573,m_164
p_00573,m_199
p_00573,m_117
p_00574,m_192
p_00574,m_080
p_00575,m_197
p_00575,m_058
p_00576,m_190
p_00576,m_017
p_00577,m_178
p_00577,m_038
p_00577,m_160
p_00578,m_136
p_00578,m_016
p_00579,m_131
p_00579,m_061
p_00580,m_037
p_00580,m_073
p_00580,m_122
p_00581,m_190
p_00581,m_090
p_00581,m_166
p_00582,m_197
p_00582,m_004
p_00582,m_170
p_00583,m_054
p_00583,m_147
p_00584,m_017
p_00584,m_062
p_00584,m_087
p_00584,m_020
p_00585,m_112
p_00585,m_118
p_00586,m_188
p_00586,m_150
p_00586,m_103
p_00587,m_192
p_00587,m_038
p_00587,m_004
p_00587,m_109
p_00588,m_177
p_00588,m_147
p_00589,m_196
p_00589,m_140
p_00589,m_154
p_00590,m_192
p_00590,m_135
p_00590,m_058
p_00590,m_109
p_00591,m_189
p_00591,m_050
p_00592,m_002
p_00592,m_190
p_00593,m_192
p_00593,m_135
p_00593,m_004
p_00594,m_178
p_00594,m_197
p_00594,m_004
p_00594,m_160
p_00595,m_088
p_00595,m_147
p_00596,m_073
p_00596,m_140
p_00596,m_014
p_00597,m_109
p_00597,m_080
p_00598,m_143
p_00598,m_120
p_00599,m_013
p_00599,m_099
p_00599,m_032
p_00599,m_189
p_00600,m_019
p_00600,m_034
p_00601,m_136
p_00601,m_088
p_00601,m_159
p_00601,m_179
p_00602,m_133
p_00602,m_081
p_00603,m_181
p_00603,m_051
p_00603,m_165
p_00604,m_174
p_00604,m_109
p_00604,m_197
p_00604,m_080
p_00605,m_200
p_00605,m_177
p_00606,m_005
p_00606,m_110
p_00606,m_047
p_00606,m_112
p_00607,m_192
p_00607,m_197
p_00607,m_174
p_00607,m_030
p_00608,m_138
p_00608,m_104
p_00608,m_072
p_00608,m_190
p_00609,m_102
p_00609,m_120
p_00609,m_167
p_00610,m_155
p_00610,m_051
p_00610,m_094
p_00611,m_160
p_00611,m_192
p_00611,m_109
p_00612,m_125
p_00612,m_147
p_00612,m_117
p_00612,m_200
p_00613,m_018
p_00613,m_099
p_00613,m_107
p_00613,m_108
p_00614,m_158
p_00614,m_078
p_00615,m_098
p_00615,m_070
p_00615,m_104
p_00615,m_162
p_00616,m_183
p_00616,m_055
p_00616,m_039
p_00617,m_116
p_00617,m_050
p_00617,m_099
p_00618,m_173
p_00618,m_060
p_00618,m_066
p_00619,m_030
p_00619,m_160
p_00619,m_135
p_00619,m_178
p_00620,m_124
p_00620,m_074
p_00621,m_161
p_00621,m_106
p_00621,m_105
p_00622,m_044
p_00622,m_175
p_00623,m_052
p_00623,m_066
p_00623,m_161
p_00624,m_154
p_00624,m_079
p_00625,m_197
p_00625,m_135
p_00626,m_112
p_00626,m_006
p_00626,m_189
p_00627,m_097
p_00627,m_031
p_00627,m_102
p_00627,m_039
p_00628,m_192
p_00628,m_178
p_00629,m_197
p_00629,m_160
p_00629,m_135
p_00630,m_166
p_00630,m_190
p_00631,m_017
p_00631,m_056
p_00631,m_020
p_00631,m_148
p_00632,m_121
p_00632,m_051
p_00633,m_058
p_00633,m_004
p_00634,m_067
p_00634,m_050
p_00634,m_089
p_00635,m_038
p_00635,m_004
p_00636,m_197
p_00636,m_030
p_00637,m_083
p_00637,m_119
p_00637,m_118
p_00637,m_116
p_00638,m_174
p_00638,m_160
p_00639,m_135
p_00639,m_080
p_00639,m_109
p_00640,m_047
p_00640,m_110
p_00640,m_134
p_00640,m_089
p_00641,m_105
p_00641,m_053
p_00642,m_135
p_00642,m_030
p_00642,m_178
p_00642,m_080
p_00643,m_060
p_00643,m_003
p_00643,m_052
p_00643,m_053
p_00644,m_161
p_00644,m_074
p_00644,m_061
p_00645,m_176
p_00645,m_140
p_00645,m_172
p_00645,m_141
p_00646,m_111
p_00646,m_090
p_00647,m_041
p_00647,m_138
p_00647,m_090
p_00648,m_162
p_00648,m_040
p_00648,m_025
p_00648,m_101
p_00649,m_071
p_00649,m_139
p_00649,m_142
p_00649,m_115
p_00650,m_121
p_00650,m_077
p_00650,m_106
p_00651,m_187
p_00651,m_054
p_00652,m_051
p_00652,m_066
p_00652,m_060
p_00653,m_096
p_00653,m_036
p_00653,m_079
p_00654,m_130
p_00654,m_156
p_00655,m_001
p_00655,m_037
p_00655,m_140
p_00655,m_114
p_00656,m_045
p_00656,m_060
p_00656,m_051
p_00656,m_078
p_00657,m_070
p_00657,m_190
p_00657,m_136
p_00658,m_131
p_00658,m_155
p_00659,m_120
p_00659,m_086
p_00659,m_143
p_00660,m_197
p_00660,m_038
p_00661,m_062
p_00661,m_076
p_00662,m_153
p_00662,m_198
p_00662,m_163
p_00662,m_068
p_00663,m_182
p_00663,m_194
p_00664,m_164
p_00664,m_147
p_00664,m_088
p_00665,m_048
p_00665,m_165
p_00666,m_139
p_00666,m_075
p_00667,m_083
p_00667,m_050
p_00668,m_012
p_00668,m_159
p_00668,m_098
p_00669,m_095
p_00669,m_177
p_00670,m_161
p_00670,m_048
p_00670,m_158
p_00670,m_066
p_00671,m_135
p_00671,m_004
p_00672,m_068
p_00672,m_167
p_00672,m_185
p_00672,m_017
p_00673,m_124
p_00673,m_131
p_00674,m_068
p_00674,m_043
p_00675,m_018
p_00675,m_050
p_00675,m_032
p_00675,m_005
p_00676,m_093
p_00676,m_115
p_00676,m_026
p_00676,m_095
p_00677,m_006
p_00677,m_024
p_00677,m_018
p_00678,m_075
p_00678,m_015
p_00678,m_071
p_00678,m_179
p_00679,m_197
p_00679,m_030
p_00679,m_058
p_00679,m_160
p_00680,m_096
p_00680,m_001
p_00680,m_154
p_00680,m_196
p_00681,m_032
p_00681,m_047
p_00681,m_186
p_00681,m_189
p_00682,m_063
p_00682,m_016
p_00682,m_179
p_00683,m_174
p_00683,m_109
p_00684,m_027
p_00684,m_148
p_00685,m_070
p_00685,m_025
p_00685,m_072
p_00685,m_002
p_00686,m_110
p_00686,m_028
p_00686,m_134
p_00687,m_011
p_00687,m_186
p_00687,m_144
p_00688,m_101
p_00688,m_064
p_00689,m_115
p_00689,m_054
p_00689,m_088
p_00689,m_015
p_00690,m_089
p_00690,m_005
p_00691,m_147
p_00691,m_088
p_00692,m_032
p_00692,m_089
p_00693,m_040
p_00693,m_002
p_00693,m_070
p_00694,m_023
p_00694,m_087
p_00694,m_069
p_00694,m_103
p_00695,m_161
p_00695,m_133
p_00696,m_012
p_00696,m_159
p_00697,m_160
p_00697,m_174
p_00698,m_038
p_00698,m_160
p_00698,m_058
p_00699,m_090
p_00699,m_104
p_00700,m_128
p_00700,m_111
p_00700,m_064
p_00701,m_103
p_00701,m_157
p_00701,m_076
p_00701,m_007
p_00702,m_061
p_00702,m_131
p_00702,m_092
p_00702,m_133
p_00703,m_035
p_00703,m_133
p_00704,m_138
p_00704,m_012
p_00705,m_070
p_00705,m_190
p_00705,m_104
p_00705,m_012
p_00706,m_101
p_00706,m_072
p_00707,m_060
p_00707,m_133
p_00707,m_155
p_00707,m_145
p_00708,m_005
p_00708,m_152
p_00708,m_118
p_00709,m_105
p_00709,m_190
p_00710,m_058
p_00710,m_104
p_00711,m_096
p_00711,m_009
p_00712,m_197
p_00712,m_038
p_00713,m_083
p_00713,m_171
p_00713,m_152
p_00713,m_067
p_00714,m_155
p_00714,m_124
p_00714,m_105
p_00715,m_178
p_00715,m_038
p_00715,m_004
p_00715,m_174
p_00716,m_140
p_00716,m_014
p_00717,m_138
p_00717,m_162
p_00718,m_150
p_00718,m_020
p_00718,m_199
p_00718,m_069
p_00719,m_147
p_00719,m_015
p_00719,m_179
p_00719,m_175
p_00720,m_040
p_00720,m_159
p_00720,m_104
p_00721,m_057
p_00721,m_044
p_00721,m_021
p_00722,m_035
p_00722,m_044
p_00723,m_004
p_00723,m_178
p_00724,m_059
p_00724,m_148
p_00724,m_029
p_00724,m_102
p_00725,m_048
p_00725,m_081
p_00725,m_077
p_00725,m_158
p_00726,m_190
p_00726,m_159
p_00726,m_104
p_00727,m_057
p_00727,m_177
p_00727,m_115
p_00728,m_058
p_00728,m_174
p_00728,m_197
p_00729,m_111
p_00729,m_098
p_00729,m_064
p_00729,m_090
p_00730,m_166
p_00730,m_138
p_00730,m_070
p_00731,m_031
p_00731,m_086
p_00731,m_087
p_00732,m_070
p_00732,m_002
p_00732,m_025
p_00733,m_006
p_00733,m_084
p_00733,m_028
p_00733,m_119
p_00734,m_016
p_00734,m_142
p_00734,m_147
p_00734,m_071
p_00735,m_045
p_00735,m_177
p_00735,m_115
p_00736,m_180
p_00736,m_032
p_00736,m_013
p_00737,m_109
p_00737,m_058
p_00737,m_004
p_00737,m_135
p_00738,m_005
p_00738,m_067
p_00738,m_083
p_00739,m_005
p_00739,m_089
p_00739,m_126
p_00739,m_116
p_00740,m_102
p_00740,m_087
p_00741,m_139
p_00741,m_170
p_00741,m_125
p_00741,m_063
p_00742,m_037
p_00742,m_176
p_00742,m_114
p_00742,m_046
p_00743,m_078
p_00743,m_094
p_00743,m_051
p_00744,m_146
p_00744,m_001
p_00744,m_176
p_00745,m_037
p_00745,m_114
p_00745,m_176
p_00745,m_194
p_00746,m_006
p_00746,m_126
p_00747,m_048
p_00747,m_158
p_00747,m_094
p_00748,m_168
p_00748,m_039
p_00749,m_110
p_00749,m_089
p_00749,m_186
p_00750,m_032
p_00750,m_013
p_00750,m_028
p_00750,m_119
p_00751,m_063
p_00751,m_125
p_00751,m_044
p_00752,m_168
p_00752,m_157
p_00752,m_097
p_00753,m_124
p_00753,m_156
p_00754,m_195
p_00754,m_079
p_00754,m_141
p_00754,m_144
p_00755,m_178
p_00755,m_174
p_00755,m_004
p_00756,m_122
p_00756,m_042
p_00756,m_172
p_00756,m_046
p_00757,m_148
p_00757,m_027
p_00758,m_168
p_00758,m_113
p_00758,m_076
p_00758,m_008
p_00759,m_100
p_00759,m_141
p_00759,m_096
p_00759,m_114
p_00760,m_071
p_00760,m_125
p_00760,m_200
p_00760,m_170
p_00761,m_179
p_00761,m_115
p_00761,m_057
p_00762,m_134
p_00762,m_126
p_00762,m_018
p_00763,m_048
p_00763,m_051
p_00764,m_017
p_00764,m_123
p_00764,m_103
p_00765,m_048
p_00765,m_012
p_00765,m_165
p_00766,m_142
p_00766,m_035
p_00766,m_136
p_00767,m_141
p_00767,m_169
p_00768,m_159
p_00768,m_064
p_00768,m_090
p_00769,m_001
p_00769,m_046
p_00769,m_194
p_00770,m_174
p_00770,m_192
p_00771,m_025
p_00771,m_098
p_00771,m_166
p_00772,m_114
p_00772,m_073
p_00773,m_050
p_00773,m_180
p_00774,m_137
p_00774,m_163
p_00775,m_158
p_00775,m_106
p_00775,m_156
p_00775,m_149
p_00776,m_103
p_00776,m_008
p_00776,m_076
p_00777,m_128
p_00777,m_169
p_00777,m_009
p_00778,m_038
p_00778,m_030
p_00778,m_197
p_00778,m_178
p_00779,m_028
p_00779,m_099
p_00779,m_134
p_00780,m_178
p_00780,m_004
p_00780,m_174
p_00781,m_179
p_00781,m_015
p_00781,m_044
p_00781,m_035
p_00782,m_099
p_00782,m_108
p_00782,m_047
p_00782,m_110
p_00783,m_174
p_00783,m_197
p_00783,m_160
p_00783,m_004
p_00784,m_174
p_00784,m_192
p_00785,m_139
p_00785,m_095
p_00785,m_016
p_00786,m_166
p_00786,m_070
p_00786,m_162
p_00787,m_072
p_00787,m_104
p_00787,m_012
p_00787,m_166
p_00788,m_006
p_00788,m_032
p_00789,m_180
p_00789,m_134
p_00789,m_082
p_00790,m_059
p_00790,m_102
p_00790,m_043
p_00790,m_034
p_00791,m_164
p_00791,m_200
p_00791,m_095
p_00792,m_076
p_00792,m_148
p_00793,m_128
p_00793,m_129
p_00793,m_073
p_00793,m_100
p_00794,m_040
p_00794,m_166
p_00794,m_025
p_00795,m_066
p_00795,m_074
p_00795,m_156
p_00795,m_048
p_00796,m_061
p_00796,m_052
p_00796,m_149
p_00797,m_109
p_00797,m_004
p_00797,m_192
p_00798,m_174
p_00798,m_030
p_00798,m_178
p_00798,m_197
p_00799,m_166
p_00799,m_104
p_00799,m_111
p_00799,m_025
p_00800,m_117
p_00800,m_093
p_00800,m_057
p_00801,m_127
p_00801,m_094
p_00801,m_081
p_00801,m_156
p_00802,m_088
p_00802,m_071
p_00802,m_015
p_00802,m_035
p_00803,m_072
p_00803,m_041
p_00804,m_046
p_00804,m_146
p_00804,m_114
p_00804,m_140
p_00805,m_189
p_00805,m_050
p_00805,m_084
p_00805,m_152
p_00806,m_065
p_00806,m_119
p_00806,m_108
p_00806,m_083
p_00807,m_041
p_00807,m_002
p_00808,m_160
p_00808,m_038
p_00808,m_058
p_00809,m_185
p_00809,m_123
p_00810,m_053
p_00810,m_092
p_00810,m_161
p_00811,m_028
p_00811,m_134
p_00812,m_113
p_00812,m_087
p_00812,m_017
p_00813,m_138
p_00813,m_101
p_00814,m_104
p_00814,m_072
p_00814,m_070
p_00815,m_038
p_00815,m_135
p_00816,m_136
p_00816,m_147
p_00816,m_164
p_00817,m_038
p_00817,m_004
p_00818,m_027
p_00818,m_163
p_00818,m_153
p_00819,m_197
p_00819,m_004
p_00819,m_174
p_00819,m_058
p_00820,m_171
p_00820,m_118
p_00820,m_083
p_00820,m_119
p_00821,m_045
p_00821,m_015
p_00822,m_182
p_00822,m_194
p_00822,m_042
p_00823,m_046
p_00823,m_128
p_00823,m_073
p_00824,m_137
p_00824,m_020
p_00824,m_167
p_00824,m_023
p_00825,m_123
p_00825,m_103
p_00825,m_185
p_00825,m_027
p_00826,m_040
p_00826,m_012
p_00827,m_098
p_00827,m_070
p_00828,m_148
p_00828,m_022
p_00828,m_029
p_00829,m_002
p_00829,m_101
p_00829,m_041
p_00830,m_092
p_00830,m_158
p_00830,m_156
p_00830,m_051
p_00831,m_049
p_00831,m_122
p_00832,m_038
p_00832,m_058
p_00832,m_004
p_00833,m_186
p_00833,m_084
p_00834,m_113
p_00834,m_163
p_00835,m_158
p_00835,m_165
p_00836,m_178
p_00836,m_192
p_00836,m_160
p_00837,m_077
p_00837,m_094
p_00837,m_158
p_00838,m_140
p_00838,m_009
p_00839,m_080
p_00839,m_030
p_00839,m_160
p_00840,m_120
p_00840,m_022
p_00840,m_029
p_00841,m_030
p_00841,m_058
p_00841,m_004
p_00842,m_058
p_00842,m_135
p_00842,m_038
p_00843,m_118
p_00843,m_171
p_00843,m_152
p_00843,m_099
p_00844,m_136
p_00844,m_085
p_00845,m_049
p_00845,m_182
p_00845,m_037
p_00845,m_169
p_00846,m_127
p_00846,m_003
p_00846,m_155
p_00846,m_051
p_00847,m_172
p_00847,m_146
p_00848,m_133
p_00848,m_145
p_00849,m_127
p_00849,m_061
p_00849,m_048
p_00850,m_085
p_00850,m_136
p_00850,m_117
p_00851,m_128
p_00851,m_141
p_00851,m_073
p_00852,m_032
p_00852,m_171
p_00852,m_005
p_00853,m_109
p_00853,m_084
p_00854,m_168
p_00854,m_157
p_00854,m_143
p_00854,m_167
p_00855,m_006
p_00855,m_018
p_00855,m_134
p_00856,m_157
p_00856,m_120
p_00857,m_128
p_00857,m_091
p_00857,m_154
p_00858,m_142
p_00858,m_021
p_00858,m_200
p_00858,m_044
p_00859,m_180
p_00859,m_134
p_00860,m_195
p_00860,m_181
p_00860,m_014
p_00861,m_165
p_00861,m_156
p_00861,m_145
p_00861,m_124
p_00862,m_167
p_00862,m_103
p_00863,m_080
p_00863,m_160
p_00864,m_038
p_00864,m_109
p_00865,m_134
p_00865,m_025
p_00865,m_111
p_00865,m_002
p_00866,m_093
p_00866,m_136
p_00866,m_125
p_00866,m_021
p_00867,m_195
p_00867,m_176
p_00867,m_172
p_00867,m_049
p_00868,m_042
p_00868,m_049
p_00868,m_009
p_00869,m_155
p_00869,m_077
p_00869,m_106
p_00870,m_059
p_00870,m_008
p_00870,m_157
p_00871,m_124
p_00871,m_127
p_00871,m_155
p_00871,m_131
p_00872,m_073
p_00872,m_114
p_00872,m_129
p_00873,m_089
p_00873,m_134
p_00873,m_171
p_00873,m_110
p_00874,m_048
p_00874,m_052
p_00874,m_130
p_00874,m_053
p_00875,m_014
p_00875,m_114
p_00875,m_154
p_00876,m_192
p_00876,m_038
p_00876,m_030
p_00876,m_174
p_00877,m_144
p_00877,m_013
p_00878,m_168
p_00878,m_113
p_00878,m_137
p_00878,m_103
p_00879,m_155
p_00879,m_105
p_00879,m_078
p_00880,m_054
p_00880,m_045
p_00880,m_090
p_00881,m_118
p_00881,m_084
p_00881,m_013
p_00881,m_005
p_00882,m_088
p_00882,m_187
p_00882,m_095
p_00883,m_042
p_00883,m_073
p_00884,m_001
p_00884,m_036
p_00884,m_128
p_00884,m_141
p_00885,m_173
p_00885,m_156
p_00885,m_165
p_00886,m_031
p_00886,m_017
p_00887,m_126
p_00887,m_013
p_00887,m_180
p_00887,m_118
p_00888,m_084
p_00888,m_112
p_00888,m_099
p_00888,m_119
p_00889,m_053
p_00889,m_161
p_00889,m_061
p_00889,m_165
p_00890,m_189
p_00890,m_024
p_00890,m_171
p_00890,m_134
p_00891,m_117
p_00891,m_085
p_00891,m_142
p_00891,m_044
p_00892,m_090
p_00892,m_101
p_00893,m_072
p_00893,m_101
p_00893,m_190
p_00894,m_165
p_00894,m_051
p_00894,m_158
p_00894,m_094
p_00895,m_046
p_00895,m_182
p_00895,m_140
p_00895,m_195
p_00896,m_184
p_00896,m_198
p_00896,m_185
p_00896,m_069
p_00897,m_168
p_00897,m_157
p_00897,m_163
p_00898,m_132
p_00898,m_022
p_00899,m_136
p_00899,m_117
p_00899,m_164
p_00899,m_085
p_00900,m_072
p_00900,m_190
p_00900,m_040
p_00900,m_025
